concentration,T_2,,270
,,,
1/2,274.11,,
1/4,310.18,,
1/8,317.392909,,
1/16,324.6063842,,
1/32,331.8198594,,
1/64,346.2468098,,