Resistance (Ohms),Rms reading 1 ,Rms reading 2,Rms reading 3,Rms reading 4,Rms reading 5,Average Rms ,Std Rms
40000,0.004228,0.004168,0.004201,0.004195,0.004157,0.0041898,0.00002811938833
20000,0.003048,0.003101,0.003072,0.003064,0.003094,0.0030758,0.00002175316069
15000,0.002663,0.002749,0.002719,0.002713,0.00277,0.0027228,0.00004062265378
9990,0.00221,0.002241,0.002232,0.002247,0.002271,0.0022402,0.00002221936093
7500,0.002006,0.001932,0.001985,0.001974,0.001971,0.0019736,0.00002700555498
4990,0.001647,0.001637,0.001636,0.001652,0.001652,0.0016448,0.000007854934755
2500,0.001251,0.001255,0.001267,0.001251,0.001267,0.0012582,0.000008197560613
1000,0.0009176,0.0009443,0.0009671,0.0009874,0.0009977,0.00096282,0.00003250749144
0,0.000583,0.0005894,0.0005832,0.0005918,0.0005884,0.00058716,0.000003907428822